{
    "global_metrics": {
        "global_ed_distance": 1730.4315129283746,
        "global_mv_dtw_distance": 801.8851559923306,
        "global_CCD_mean_difference": 0.20519429871847994,
        "global_CCD_MSE": 0.06701673605534138,
        "global_ACF_MSE": 0.001227587499784774,
        "global_ICD_syn": 606.4842712820905,
        "global_ICD_real": 554.6955205216964,
        "global_ICD_percentage_error": 9.336428516979245,
        "hellinger_distance": 0.0
    }
}