{
    "global_metrics": {
        "global_ed_distance": 3239.4851929715455,
        "global_mv_dtw_distance": 2388.8433265601,
        "global_CCD_mean_difference": 0.6915591330894145,
        "global_CCD_MSE": 0.4892691494580052,
        "global_ACF_MSE": 0.015226064941607973,
        "global_ICD_syn": 1401.7123354750447,
        "global_ICD_real": 607.5942922631824,
        "global_ICD_percentage_error": 130.69873323758713,
        "hellinger_distance": 0.0
    }
}