{
    "global_metrics": {
        "global_ed_distance": 138.1459113475101,
        "global_mv_dtw_distance": 4390.618394747239,
        "global_CCD_mean_difference": 0.13156918818045926,
        "global_CCD_MSE": 0.030324431085142912,
        "global_ACF_MSE": 0.0008776019122654292,
        "global_ICD_syn": 128.61457387921962,
        "global_ICD_real": 119.31681035266124,
        "global_ICD_percentage_error": 7.792500905008485,
        "hellinger_distance": 0.0
    }
}