{
    "epoch": [
        500,
        550,
        600,
        650,
        700,
        750,
        800,
        850,
        900,
        950,
        1000,
        1050,
        1100,
        1150,
        1200,
        1250,
        1300,
        1350,
        1400,
        1450,
        1500,
        1550,
        1600,
        1650,
        1700,
        1750,
        1800,
        1850,
        1900,
        1950,
        2000,
        2050,
        2100,
        2150,
        2200,
        2250,
        2300,
        2350,
        2400,
        2450,
        2500,
        2550,
        2600,
        2650,
        2700,
        2750,
        2800,
        2850,
        2900,
        2950
    ],
    "mean_dtw": [
        1948.43392903954,
        1996.1193517460456,
        1963.701967147055,
        1921.4913321577121,
        1888.941412359963,
        2036.4130972681216,
        2009.7697926172452,
        1818.418392988866,
        1898.0428844931405,
        1996.6138599192695,
        2216.8650399025278,
        2080.1223597921307,
        2120.996728601489,
        2018.5711320547853,
        2095.8101039746007,
        2015.4886543829261,
        1970.377744270508,
        1792.2269367597428,
        1969.6683787591849,
        1880.3276140320716,
        1998.9104090030894,
        2060.5617315206105,
        2105.8176203124685,
        1919.0544941029057,
        1931.2883893207547,
        1839.7640633534377,
        1842.228129844646,
        1855.45757623338,
        1779.3676491181636,
        1894.6134947828186,
        2087.8788959522776,
        1904.4841353357165,
        1687.2684779712113,
        1848.0783758668974,
        1888.279123477199,
        1919.2943736124,
        2013.2488644293285,
        1846.5224145609754,
        1874.0567420073467,
        2050.0146451144274,
        1937.6138868695214,
        1949.4766425599562,
        2092.3937064083743,
        1976.8627508294921,
        1997.771444089849,
        2071.3312927065763,
        1946.656031189637,
        2021.1453859778746,
        1962.4605963550262,
        1960.464773858518
    ],
    "hellinger_distance": [
        0.3869919570064415,
        0.39029997666681576,
        0.3762996898254357,
        0.4157744408723043,
        0.4119700568312194,
        0.3897361318074353,
        0.39066458190484016,
        0.38379364402418287,
        0.39068481920928316,
        0.38195904352105464,
        0.39039407296325973,
        0.4134821915862587,
        0.3924342290182156,
        0.3931518431599922,
        0.37725861849115694,
        0.3927761832557698,
        0.3798043464378459,
        0.38845375691733514,
        0.3918258542767577,
        0.389160937736775,
        0.38021459032313665,
        0.39126893179234185,
        0.3922152709613563,
        0.3689645684264499,
        0.3869328482247715,
        0.37047637275347484,
        0.39552080924745325,
        0.41042367229001087,
        0.38598499770582173,
        0.40873493743709083,
        0.39339823566948695,
        0.41197782250556414,
        0.3868202699759687,
        0.3847421792864085,
        0.38616069519186524,
        0.3864342888559613,
        0.4005957683455077,
        0.38647427628282494,
        0.38917433449938676,
        0.3827250168877636,
        0.37021353477054925,
        0.3765830595471773,
        0.37230090521412734,
        0.3880323396717788,
        0.38362901832618557,
        0.36408058910836905,
        0.3674311007592349,
        0.3795199754802607,
        0.3632957427075588,
        0.38151895418838855
    ]
}